{
    "rotationVector": [
        [
            1.9418898513845362
        ], 
        [
            0.7311053298193398
        ], 
        [
            -0.3878033059869429
        ]
    ], 
    "cameraMatrix": [
        [
            937.9434138713071, 
            0.0, 
            725.3442435932047
        ], 
        [
            0.0, 
            958.7864143830515, 
            505.9760884028349
        ], 
        [
            0.0, 
            0.0, 
            1.0
        ]
    ], 
    "distortionCoefficients": [
        [
            0.09817407019138852, 
            -0.11015980041466228, 
            0.0021908640504364417, 
            0.0016242225570411697, 
            -0.005158195701986987
        ]
    ], 
    "translationVector": [
        [
            -5.140888774039435
        ], 
        [
            -0.07528158313817138
        ], 
        [
            4.102673384102228
        ]
    ]
}