{
    "rotationVector": [
        [
            0.836183828912332
        ], 
        [
            2.2235828892084384
        ], 
        [
            -1.3505896258698094
        ]
    ], 
    "cameraMatrix": [
        [
            937.9434138713071, 
            0.0, 
            725.3442435932047
        ], 
        [
            0.0, 
            958.7864143830515, 
            505.9760884028349
        ], 
        [
            0.0, 
            0.0, 
            1.0
        ]
    ], 
    "distortionCoefficients": [
        [
            0.09817407019138852, 
            -0.11015980041466228, 
            0.0021908640504364417, 
            0.0016242225570411697, 
            -0.005158195701986987
        ]
    ], 
    "translationVector": [
        [
            -0.5170181887954339
        ], 
        [
            -2.564592595032662
        ], 
        [
            9.551939236772379
        ]
    ]
}