{
    "rotationVector": [
        [
            0.7646154955806997
        ], 
        [
            -2.396706040624046
        ], 
        [
            1.377579281500888
        ]
    ], 
    "cameraMatrix": [
        [
            937.9434138713071, 
            0.0, 
            725.3442435932047
        ], 
        [
            0.0, 
            958.7864143830515, 
            505.9760884028349
        ], 
        [
            0.0, 
            0.0, 
            1.0
        ]
    ], 
    "distortionCoefficients": [
        [
            0.09817407019138852, 
            -0.11015980041466228, 
            0.0021908640504364417, 
            0.0016242225570411697, 
            -0.005158195701986987
        ]
    ], 
    "translationVector": [
        [
            4.435930369521551
        ], 
        [
            -1.2322774771020462
        ], 
        [
            6.253027585672759
        ]
    ]
}